contrast,estimate,SE,df,t.ratio,p.value
not_fully_winged - fully_winged,-0.5586751244808444,1.247768946261383,35.379154714191955,-0.44773924383578384,0.6570710856832391
