grp,var1,var2,vcov,sdcor
species,(Intercept),NA,0.39019314414009926,0.6246544197715239
Residual,NA,NA,0.7005634686527229,0.8369966957238977
