grp,var1,var2,vcov,sdcor
species,(Intercept),NA,0.4129114126467456,0.6425818334241528
Residual,NA,NA,0.6767787878101781,0.8226656597975742
