method,log_BL.trend,SE,df,lower.CL,upper.CL
Pitfall4,1.5046386388326536,0.7688511509359364,96.7666408159099,-0.021364542006808485,3.0306418196721157
Pitfall2,1.099222746708965,0.7141399988427487,92.45342806840985,-0.3190282566079141,2.517473750025844
Pitfall6,1.3348460937966349,0.819610964998121,102.63743616170296,-0.290727192331105,2.9604193799243745
Pitfall8,1.1240686398184165,0.8602408871850811,105.49076988043905,-0.5815376407187389,2.829674920355572
Pitfall10,1.3961540892288187,0.9713932157886609,93.75680184532983,-0.5326351373962526,3.32494331585389
GPD,1.1016664031526455,0.7264496032734579,93.83522187571243,-0.34074933513197125,2.5440821414372623
