species,component,term,estimate,se,z,p
Poecilus cupreus,state,(Intercept),0.41211071590736126,0.2830705224908539,1.4558588166688273,0.14543165242469028
Poecilus cupreus,state,DOY_z,-0.9866341601113278,0.3087185793477571,-3.195901465327522,0.001393947072208697
Poecilus cupreus,det,(Intercept),23.265545129754702,568.3467534786112,0.04093547642764931,0.9673473350409624
Poecilus cupreus,det,Pitfall8,7.785598902634587,24106.62683685418,3.229650898620115e-4,0.9997423111456005
Poecilus cupreus,det,Pitfall6,8.071396026119398,41806.08854604984,1.9306747669609587e-4,0.999845954442108
Poecilus cupreus,det,Pitfall4,-24.25533157030048,568.3905961122695,-0.04267370314745589,0.9659616423162674
Poecilus cupreus,det,Pitfall2,-34.04103824822516,568.5417217625513,-0.059874301120230254,0.9522557478991499
Poecilus cupreus,det,GPD,9.795217435489757,48264.36094021353,2.0294928275593202e-4,0.9998380699017746
Poecilus cupreus,det,eff_z,-7.893874227382163,6.065921508338285,-1.3013479018037333,0.19313939775991232
