grp,var1,var2,vcov,sdcor
species,(Intercept),NA,0.8027577054585676,0.8959674689733816
Residual,NA,NA,0.9251725591701938,0.9618589081409985
