Chisq,Df,Pr(>Chisq)
3.732378035927554,1,0.05336736328936057
5.906403602183496,5,0.31543307416706884
5.492883686828954,1,0.01909402468137971
1.4504334518174895,5,0.9187179254742253
