method,p_med,n_sp
DVAC,0.29891674163317616,24
GPD,0.6532926222727159,24
Pitfall10,0.7923014847069954,24
Pitfall2,0.2755397034481337,24
Pitfall4,0.5157125571762957,24
Pitfall6,0.5801041946730803,24
Pitfall8,0.7282598506053171,24
TM,0.08934253939435485,24
