method,p_med,n_sp
DVAC,0.09167523015078569,38
GPD,0.6839349008195578,40
Pitfall10,0.9999827504067726,40
Pitfall2,0.47740623782481656,40
Pitfall4,0.7113155250477746,40
Pitfall6,0.8437338424002221,40
Pitfall8,0.9411774491662593,40
TM,4.8732699696954165e-5,40
