method,p_med,n_sp
DVAC,4.759360973353813e-5,71
GPD,0.6132958840331665,83
Pitfall10,0.9999996217259093,84
Pitfall2,0.48145607784521804,84
Pitfall4,0.7216251038453922,84
Pitfall6,0.8974341586496812,84
Pitfall8,0.9999935456572545,84
