method,p_med,p_mean,lcl_med,ucl_med,n_sp
GPD,5.289993664642182e-5,0.25667075642551584,1.8191636587180909e-84,1,40
Pitfall10,0.9999579461672812,0.9154432903130862,3.7113499185524165e-37,1,40
Pitfall2,0.34901585285330505,0.3544520596496711,0.036350701487450766,0.8937226734274639,40
Pitfall4,0.6056331046157908,0.5801503750718162,0.08769101618295182,0.9385780289066394,40
Pitfall6,0.707420850810994,0.6795899723499684,0.11540027741008804,0.974392121131683,40
Pitfall8,0.8964085652815621,0.8197715097536372,0.10258530778073807,0.9923564953646645,40
