method,p_med,n_sp
GPD,0.689910673069977,29
Pitfall10,0.9999999670361616,29
Pitfall2,0.3442736325027754,29
Pitfall4,0.7263119570357451,29
Pitfall6,0.9112303400868906,29
Pitfall8,0.999999857706275,29
