method,p_med,n_sp
GPD,0.5292042092303983,14
Pitfall10,0.9999993080124329,14
Pitfall2,0.2860396480043287,14
Pitfall4,0.6896495619800161,14
Pitfall6,0.7625633840586076,14
Pitfall8,0.9999988408765533,14
