method,p_med,p_mean,lcl_med,ucl_med,n_sp
GPD,0.7637540177728043,0.6384164687566342,0.06268590685364697,0.9799794658970522,39
Pitfall10,0.9999648055569746,0.9276140374223694,6.214099913795604e-33,1,39
Pitfall3,0.5943434736297311,0.5461774060959796,0.04232210451523454,0.9560585179010239,39
Pitfall6,0.9214801523737363,0.7556618435377911,0.057019435260899656,0.9850727594984958,39
