site_id,S_exp
RMQS_25_AVESSAC_831,14.999949606339783
RMQS_25_BAZORDAN_2186,4.999973438327358
RMQS_25_CARSAC-DE-GURSON_1657,9.99999554720924
RMQS_25_CHATEAU-L'EVEQUE_1578,2.999989269852744
RMQS_25_GEDRE_2269,0.9999999808787697
RMQS_25_HORPS_557,13.999870633504992
RMQS_25_LAGUIOLE_1756,0.9999997946680186
RMQS_25_MONT-PRES-CHAMBORD_899,10.999991896115011
RMQS_25_MONTPEZAT_2099,3.9999832952459333
RMQS_25_SAINT-SAUVEUR-SUR-TINEE_1904,0.9999999759208321
RMQS_25_TRIAIZE_1238,9.999983797609929
