method,n_cases,n_reached_095,pct_reached_095,coverage_median,coverage_q1,coverage_q3
GPD,63,29,46.03174603174603,0.944444444444444,0.8685714285714285,0.9763239002521715
Pitfall10,76,36,47.368421052631575,0.9440679733110925,0.8259740259740261,0.9773225374406432
Pitfall2,65,19,29.230769230769234,0.84,0.692307692307692,0.96085409252669
Pitfall4,67,29,43.28358208955223,0.935483870967742,0.792857142857143,0.9757760194765674
Pitfall6,67,33,49.25373134328358,0.944444444444444,0.860576923076923,0.982002991797768
Pitfall8,67,34,50.74626865671642,0.952380952380952,0.8823076923076925,0.980155917788802
