"cor_coverage_maxdist","cor_richness_maxdist","cor_abundance_maxdist","cor_coverage_hull","cor_richness_hull"
0.114927410399816,0.154066331877402,0.10187274540183,0.139209061465668,0.200437348110687
