"cor_coverage_maxdist","cor_richness_maxdist","cor_abundance_maxdist","cor_coverage_hull","cor_richness_hull"
0.0738731732340751,0.129711800590417,0.0933192750528483,0.0911362708031977,0.169806975570609
