k,n_site_draws,richness_median,richness_q1,richness_q3,coverage_median,mean_pairwise_distance_median,convex_hull_area_median
2,3015,5,2,9,0.8571428571428572,20,0
4,14070,7,4,12,0.9166666666666666,18.727128709565367,200
6,14070,9,5,14,0.935483870967742,18.71718394037008,368
8,3015,11,6,16,0.9452054794520548,18.713933101110104,496
10,67,12,6,17,0.9528301886792453,18.668475574848063,592
