method_level,n_sites_available,n_sites_total,prop_sites_available
GPD,63,77,0.8181818181818182
Pitfall10,76,77,0.987012987012987
Pitfall2,65,77,0.8441558441558441
Pitfall4,67,77,0.8701298701298701
Pitfall6,67,77,0.8701298701298701
Pitfall8,67,77,0.8701298701298701
