n_cells_total,n_cells_missing,prop_missing,perc_missing
68742,24795,0.36069651741293535,36.069651741293534
