method_rep,prob,SE,df,asymp.LCL,asymp.UCL
Pitfall10,0.8227179438453424,0.04679415154303942,Inf,0.7121922031919244,0.8969409503224604
Pitfall6,0.6222690673770827,0.06978178273715971,Inf,0.4793407377697657,0.7466954799441443
Pitfall3,0.3982916031474822,0.07106311446173898,Inf,0.2701698313285726,0.5420464743047747
GPD,0.7780253206937189,0.11522898480582959,Inf,0.4866237168962486,0.9283695362017531
