"k","mean_coverage","sd_coverage","mean_richness","sd_richness","mean_max_dist","sd_max_dist","mean_pairwise_dist","mean_hull_area"
2,0.694980262828516,0.358223086582215,5.93665008291874,4.43611663263193,18.6684755748481,7.05171858813923,18.6684755748481,0
4,0.801360074279406,0.280956081901938,8.38486140724947,5.56833864813262,27.5295709311949,4.02256351574619,18.6684755748481,212
6,0.845529579335981,0.239665993736485,10.0335465529495,6.30329105669059,30.523382308083,2.94390991385597,18.6684755748481,378.47619047619
8,0.871586157221003,0.210256088468871,11.3091210613599,6.85918414659296,32.3990187482895,2.58095895089932,18.6684755748481,497.244444444444
10,0.888891698635291,0.188698543411386,12.3731343283582,7.36872140731702,34.4093010681705,0,18.6684755748481,592
