m1,m2,component,median,q25,q75,n_site
1,2,nestedness,0.12605042016806725,0.05808080808080808,0.23683473389355741,63
1,2,total,0.48148148148148145,0.4037037037037037,0.6,63
1,2,turnover,0.3333333333333333,0.15476190476190477,0.4722222222222222,63
1,3,nestedness,0.7941176470588235,0.3333333333333333,0.8888888888888888,29
1,3,total,0.8823529411764706,0.8333333333333334,0.9166666666666666,29
1,3,turnover,0,0,0.5,29
2,3,nestedness,0.2962962962962963,0.18939393939393936,0.4421052631578947,29
2,3,total,0.9,0.8421052631578947,0.9523809523809523,29
2,3,turnover,0.5714285714285714,0.4,0.7272727272727273,29
