method,p_med,n_sp
GPD,0.6663228109453351,65
Pitfall10,0.999999960459174,65
Pitfall2,0.3881127179375448,65
Pitfall4,0.7031847932052666,65
Pitfall6,0.838342676930384,65
Pitfall8,0.954947380971612,65
