Chisq,Df,Pr(>Chisq)
1.3912885376952029,1,0.23818761697049295
193.6469307740284,5,6.4885639722916256e-40
3.529062133442367,1,0.060301888975586616
