contrast,estimate,SE,df,t.ratio,p.value
not_fully_winged - fully_winged,-0.7872791286025927,1.4342943268829544,30.84882096934437,-0.548896494845328,0.5870277830627715
