method,log_BL.trend,SE,df,lower.CL,upper.CL
Pitfall4,1.6070284889660114,0.8439550854944255,84.17443289407284,-0.07121794047078667,3.285274918402809
Pitfall2,1.2106951569117657,0.7824105181703606,80.53359843279272,-0.34619303470607043,2.7675833485296017
Pitfall6,1.2269102230258295,0.9060134484005953,89.77869023350999,-0.5731040792133437,3.0269245252650028
Pitfall8,0.9668591601022849,0.9594923651936534,92.36442123861845,-0.9386753252336164,2.872393645438186
Pitfall10,1.0365343729175234,1.1016117587008918,78.53938512312855,-1.1563689532604486,3.229437699095495
GPD,1.1280790275348438,0.7953495757804312,81.5883561214946,-0.45424416895655595,2.7104022240262435
