grp,var1,var2,vcov,sdcor
species,(Intercept),NA,0.398276231658018,0.6310913021568416
Residual,NA,NA,0.7723674545968104,0.8788443858822849
