Chisq,Df,Pr(>Chisq)
1.8789692875436979,1,0.17045134117929012
10.398591048009095,5,0.06469770537937186
3.6385094527905766,1,0.05645745801059985
0.6316687568279756,5,0.9865074025654124
