contrast,estimate,SE,df,t.ratio,p.value
not_fully_winged - fully_winged,-0.569367021683405,1.2471961480398488,38.06190659092322,-0.45651762361377446,0.6506123607642483
