grp,var1,var2,vcov,sdcor
species,(Intercept),NA,0.4266835412397914,0.6532101815187753
Residual,NA,NA,0.68947877967363,0.8303485892525079
