grp,var1,var2,vcov,sdcor
species,(Intercept),NA,0.4037145056861174,0.6353853206410401
Residual,NA,NA,0.715193255932126,0.8456909931719304
