Chisq,Df,Pr(>Chisq)
3.4867877587420923,1,0.0618605100839244
235.6138014316945,5,6.6950048393936195e-49
5.345709046810145,1,0.020773333235108934
