Chisq,Df,Pr(>Chisq)
2.201747941968432,1,0.13785434150676623
227.7342461433704,5,3.271948833862511e-47
4.28009096919039,1,0.03856128442723945
