Chisq,Df,Pr(>Chisq)
2.2994395961197824,1,0.12942068583240343
9.432906364500617,5,0.0929937538535722
3.840695488799107,1,0.05002276762123491
0.5159387163889801,5,0.9915280489684553
