grp,var1,var2,vcov,sdcor
species,(Intercept),NA,0.4539390409618953,0.6737499840162486
Residual,NA,NA,0.7247656868033611,0.85133171373053
