Chisq,Df,Pr(>Chisq)
1.0485794576908651,1,0.30583447746436937
180.98466991922527,5,3.2971486334909624e-37
3.0161228756424814,1,0.0824403418759219
