grp,var1,var2,vcov,sdcor
species,(Intercept),NA,0.4185899547833347,0.6469852817362499
Residual,NA,NA,0.7590234090009312,0.871219495305822
