contrast,method,estimate,SE,df,t.ratio,p.value
fully_winged - not_fully_winged,Pitfall4,-0.030656984764861495,0.37702176611516003,62.55742284532606,-0.08131356733260175,0.9354521822121313
fully_winged - not_fully_winged,Pitfall2,-0.12672253072634299,0.35362663351906215,59.6684984641637,-0.3583512063706368,0.7213452421796244
fully_winged - not_fully_winged,Pitfall6,-0.29715564091822744,0.4002583906337794,67.4960583994072,-0.7424095231275567,0.46041517904230367
fully_winged - not_fully_winged,Pitfall8,0.26908721640914146,0.42238255258695817,71.261419627915,0.6370699138993035,0.5261207239270158
fully_winged - not_fully_winged,Pitfall10,0.14831984002328624,0.4785135964217493,67.72610782762666,0.3099595103094229,0.7575435098358896
fully_winged - not_fully_winged,GPD,0.447317912955548,0.3640496658414814,61.35337916091707,1.2287277119774207,0.2238661468437951
