contrast,estimate,SE,df,t.ratio,p.value
not_fully_winged - fully_winged,-0.8181078014417157,1.479593717748019,27.099966944130117,-0.552927328379643,0.5848458965722807
