driver,t360_mean,mos,p_h
t360_mean,1,-0.27174447109306255,0.37813187828901773
mos,-0.27174447109306255,1,-0.2764016194315029
p_h,0.37813187828901773,-0.2764016194315029,1
