method,log_BL.trend,SE,df,lower.CL,upper.CL
Pitfall4,1.5419688889631498,0.8604230095879309,72.01219969588085,-0.17324806810996152,3.2571858460362613
Pitfall2,1.202675838797759,0.798315483628881,68.70497557350919,-0.39004198780281496,2.7953936653983327
Pitfall6,1.148751128175517,0.9166064385710948,77.67998102670089,-0.6761905330192497,2.9736927893702836
Pitfall8,0.8880983896565827,0.9688816482074306,80.66431528864454,-1.0397937966255593,2.815990575938725
Pitfall10,0.9365264305647494,1.108277949414805,71.46171417476327,-1.2730696381721498,3.1461224993016486
GPD,1.0600763411485827,0.8111084209444692,69.65158601356855,-0.5577706756742196,2.677923357971385
