Chisq,Df,Pr(>Chisq)
1.538977337368404,1,0.21477009064304797
10.745521497606665,5,0.05666563312125617
3.226550326651151,1,0.07245316127346713
0.6748991992998588,5,0.9843178119155789
