Chisq,Df,Pr(>Chisq)
1.4736371820870675,1,0.2247727039623384
181.38715489676116,5,2.705024773672211e-37
4.050937393286489,1,0.04414682430413027
