grp,var1,var2,vcov,sdcor
species,(Intercept),NA,0.381281905993903,0.6174802879395447
Residual,NA,NA,0.7042297158634746,0.8391839582972702
