contrast,method,estimate,SE,df,t.ratio,p.value
fully_winged - not_fully_winged,Pitfall4,-0.23697277316396284,0.3795542803652676,55.54125296272683,-0.6243448840463869,0.5349574167073741
fully_winged - not_fully_winged,Pitfall2,-0.4026768869069944,0.3561828091123471,52.41607189593894,-1.1305343116095816,0.26339773824252394
fully_winged - not_fully_winged,Pitfall6,-0.52268092370584,0.40278495622290966,60.43427736877704,-1.2976674417218734,0.19933303895951848
fully_winged - not_fully_winged,Pitfall8,0.03699567885498942,0.42598616230104075,64.59363997308438,0.0868471376045424,0.9310616828624383
fully_winged - not_fully_winged,Pitfall10,-0.09609317445423482,0.4835715467189486,64.25152228275728,-0.19871552639155607,0.8431127396250708
fully_winged - not_fully_winged,GPD,0.2440700639332272,0.36689365645439626,53.140889687304906,0.6652338072341797,0.5087779982516143
