Chisq,Df,Pr(>Chisq)
1.8399625430631616,1,0.17495533749321565
11.377637184688714,5,0.04438585858327029
3.9282426555019856,1,0.047481537436750994
0.6751393168216941,5,0.9843051759527781
