method,log_BL.trend,SE,df,lower.CL,upper.CL
Pitfall4,1.6691986208059078,0.8455918219807735,65.71836128069629,-0.019214981153846233,3.3576122227656615
Pitfall2,1.4218645399867778,0.7921988229674173,62.18056858595942,-0.16162687210285864,3.005355952076414
Pitfall6,1.2441122236962423,0.9000899190735798,71.37851629142598,-0.5504511861407768,3.0386756335332614
Pitfall8,1.024594019206892,0.9511850075387861,74.66793805226564,-0.8704018148724888,2.919589853286273
Pitfall10,1.097631981191202,1.087201375002832,68.61635872940646,-1.071491777779382,3.266755740161786
GPD,1.2737638022391913,0.8081160145829356,62.5972349856273,-0.34133056603235246,2.8888581705107352
