contrast,estimate,SE,df,t.ratio,p.value
not_fully_winged - fully_winged,-0.749237077784574,1.449990350103086,23.818034568597074,-0.5167186648733956,0.6101175096043046
