Chisq,Df,Pr(>Chisq)
0.8725234688615985,1,0.3502576518540689
181.87273652503546,5,2.130350559525815e-37
3.913819520523769,1,0.04789063803365659
0.3229204527825151,1,0.5698578231273264
