grp,var1,var2,vcov,sdcor
species,(Intercept),NA,0.4020537463582877,0.6340770823474758
Residual,NA,NA,0.6653219264472985,0.8156726834014355
