contrast,method,estimate,SE,df,t.ratio,p.value
fully_winged - not_fully_winged,Pitfall4,-0.3155707902926989,0.3958034162326659,84.87160111172658,-0.7972917295569685,0.42750655613505273
fully_winged - not_fully_winged,Pitfall2,-0.33134285948163034,0.37906138792845856,81.28452007677029,-0.8741139826780925,0.3846314788601084
fully_winged - not_fully_winged,Pitfall6,-0.7196529408717369,0.4216293412956885,89.61470141594114,-1.7068379033114884,0.09131514636575427
fully_winged - not_fully_winged,Pitfall8,-0.8856948804881315,0.44076411057188597,94.250251861114,-2.0094532636492417,0.04734871062978449
fully_winged - not_fully_winged,Pitfall10,-0.4398308829567146,0.49629621882784175,81.18272302787814,-0.8862265442914563,0.37811316903357894
fully_winged - not_fully_winged,GPD,0.23039858593153778,0.38335764264999656,82.66002945608345,0.6010016764994833,0.5494834067506151
