method,log_BL.trend,SE,df,lower.CL,upper.CL
Pitfall4,2.1097625014990715,0.8988980769328433,89.00930368607851,0.3236737419982427,3.8958512609999003
Pitfall2,1.6364279729321272,0.8400568597480361,84.62210858075726,-0.03393780456342066,3.306793750427675
Pitfall6,1.9018380912727784,0.9765393492975892,93.0547898767605,-0.03736047294052969,3.8410366554860866
Pitfall8,2.540972761369699,1.0093873520759282,96.66604812733377,0.5375308720531042,4.544414650686294
Pitfall10,2.107702304582149,1.1446137095211093,81.44334088272593,-0.16953202010939128,4.384936629273689
GPD,1.5996906939734463,0.8574822514569038,85.73815240160408,-0.1050018767181089,3.3043832646650015
