grp,var1,var2,vcov,sdcor
species,(Intercept),NA,0.770735598704995,0.8779154849443054
Residual,NA,NA,0.9746555874755011,0.9872464674413888
