contrast,estimate,SE,df,t.ratio,p.value
not_fully_winged - fully_winged,0.1463049590951467,1.5413499844981862,37.619435351086004,0.09492001204566067,0.9248821663288398
