Chisq,Df,Pr(>Chisq)
4.251171487928237,1,0.03922326468838431
186.89824747669596,5,1.7977947775394778e-38
6.738933156901143,1,0.00943310201665572
