contrast,method,estimate,SE,df,t.ratio,p.value
fully_winged - not_fully_winged,Pitfall4,-0.18542844418982402,0.33106064815797,86.89777308274691,-0.5601041537904088,0.5768494933406096
fully_winged - not_fully_winged,Pitfall2,-0.16550321225586626,0.31391056740624046,83.71662155508486,-0.5272304580995004,0.5994279935703668
fully_winged - not_fully_winged,Pitfall6,-0.48135257831400224,0.35634210387975895,91.82994341017836,-1.3508158959414625,0.18007359152724964
fully_winged - not_fully_winged,Pitfall8,-0.059733803359560605,0.37763261745795745,94.59488314745441,-0.1581796714533296,0.8746524088346491
fully_winged - not_fully_winged,Pitfall10,-0.09265865432866924,0.4264536668770587,83.71709352759945,-0.2172771898227846,0.8285209982386116
fully_winged - not_fully_winged,GPD,0.2798530003470355,0.32101378787988566,84.95958947716419,0.871778755035122,0.38578603678217205
