method,log_BL.trend,SE,df,lower.CL,upper.CL
Pitfall4,1.7108939424888323,0.7727233653001291,104.31011711170298,0.17860812724906294,3.2431797577286017
Pitfall2,1.2370003114677974,0.7175200864542802,99.69713572147441,-0.18659206196545197,2.660592684901047
Pitfall6,1.41415012799564,0.8232986373598584,110.53310671940143,-0.21734702247693582,3.0456472784682163
Pitfall8,1.2072668508875597,0.8647441056690359,113.498170121876,-0.5058658102852864,2.920399512060406
Pitfall10,1.4679333388181377,0.9768902964820694,100.77073156172193,-0.4700076802137836,3.4058743578500588
GPD,1.3275419865586902,0.7296158008256874,101.19746717735462,-0.11978526034002801,2.7748692334574083
