Chisq,Df,Pr(>Chisq)
3.551088962540275,1,0.05950638545640895
10.052539756293562,5,0.07376016980665566
4.913397577286973,1,0.02664917224917471
0.5747024313331041,5,0.9891321836863063
