Chisq,Df,Pr(>Chisq)
2.5962050756607824,1,0.10711993579779758
235.9390166040933,5,5.701935317946711e-49
5.047335922548231,1,0.024663831788882876
0.06923431417554704,1,0.7924548966551028
