contrast,method,estimate,SE,df,t.ratio,p.value
not_fully_winged - fully_winged,Pitfall4,0.098933350656413,0.3177285135257443,95.74376640911284,0.31137699779782846,0.7561910139562601
not_fully_winged - fully_winged,Pitfall2,0.13664994826490748,0.30150912528853896,92.22703838935463,0.4532199419640645,0.6514548957965758
not_fully_winged - fully_winged,Pitfall6,0.45990132778877946,0.3399374721881123,100.41298763910734,1.3528997695619809,0.17912602927759638
not_fully_winged - fully_winged,Pitfall8,0.12360799993823593,0.36542597654706543,100.99827803084612,0.3382572884013781,0.7358714432296484
not_fully_winged - fully_winged,Pitfall10,0.14153531651921178,0.4097895584216667,86.7915225663788,0.3453853657578417,0.7306403762578837
not_fully_winged - fully_winged,GPD,-0.3413061063131826,0.3074045936213982,93.83167222615286,-1.110283038689844,0.2697142711964744
