contrast,estimate,lower.CL,upper.CL,odds_ratio,lower_OR,upper_OR,p.value
Pitfall4 vs Pitfall2,0.6661242351100065,0.49200588837435355,0.8402425818456595,1.9466778151378588,1.6355937501651758,2.316928953517465,1.0975120615738759e-13
Pitfall6 vs Pitfall4,0.4892864090640152,0.29850012858970776,0.6800726895383227,1.631151829394843,1.3478357105145757,1.974021217706392,5.781795653410524e-7
Pitfall8 vs Pitfall6,0.4177973293283803,0.20393447609850074,0.63166018255826,1.5186128649220525,1.2262178042492202,1.880730344572658,1.379303440768241e-4
Pitfall10 vs Pitfall8,0.3387776621759917,0.07852553577825849,0.5990297885737249,1.4032313191283359,1.0816909766305307,1.8203518172225759,0.010935351835824132
GPD vs Pitfall4,0.47269660976326233,0.2950821285110111,0.6503110910155135,1.6043145757547739,1.3432366721840951,1.9161368292560053,2.07371974971859e-7
GPD vs Pitfall6,-0.016589799300752883,-0.2070046205456761,0.17382502194417032,0.9835470535872644,0.8130158934018215,1.1898473504282197,0.8642767651111778
GPD vs Pitfall8,-0.4343871286291332,-0.6393983940215664,-0.2293758632367,0.6476614786466648,0.5276097417582823,0.7950296549205056,3.591026979526592e-5
