contrast,method,estimate,SE,df,t.ratio,p.value
not_fully_winged - fully_winged,Pitfall4,0.056591559372809526,0.35084723724790967,75.69255108119582,0.16129971498912435,0.8722871048447671
not_fully_winged - fully_winged,Pitfall2,0.07105136294988249,0.3320410399650821,72.89707966973674,0.2139836779132915,0.8311571905640963
not_fully_winged - fully_winged,Pitfall6,0.35566619658959936,0.3782102799557147,79.91097100882641,0.9403927271126657,0.3498501801201618
not_fully_winged - fully_winged,Pitfall8,-0.10454223213338601,0.40201896086857514,82.39025463039707,-0.2600430385360907,0.7954793292027703
not_fully_winged - fully_winged,Pitfall10,-0.0422122244721567,0.45517242070091407,72.66284782960099,-0.09273897659958098,0.9263661527449419
not_fully_winged - fully_winged,GPD,-0.3597766225438713,0.3406660238492808,74.41625022918699,-1.0560977536845457,0.29434012298316303
