Chisq,Df,Pr(>Chisq)
1.215572368767726,1,0.27023132985500636
194.0430029198189,5,5.339001087024322e-40
3.395813028061968,1,0.06536213282041889
0.0038989215905530306,1,0.9502113704687882
