grp,var1,var2,vcov,sdcor
species,(Intercept),NA,0.42925420929383146,0.6551749455632682
Residual,NA,NA,0.7482248982306716,0.8649999411737966
